"Name","Status","Extension","SizeMB","LastModified","RelativePath","FullPath"
"armored_vehicle_classifier_v1.pt","ACTIVE_DEPLOYMENT",".pt","9.79","7/9/2026 12:19:03 PM","armored_vehicle_classifier_v1.pt","C:\Users\UAVlab\Desktop\uav_ai_company\armored_vehicle_classifier_v1.pt"
"artillery_launcher_classifier_v1.pt","ACTIVE_DEPLOYMENT",".pt","9.79","7/9/2026 4:14:32 PM","artillery_launcher_classifier_v1.pt","C:\Users\UAVlab\Desktop\uav_ai_company\artillery_launcher_classifier_v1.pt"
"military_kaggle_v1.pt","ACTIVE_DEPLOYMENT",".pt","21.46","7/2/2026 3:59:32 PM","military_kaggle_v1.pt","C:\Users\UAVlab\Desktop\uav_ai_company\military_kaggle_v1.pt"
"tank_type_classifier_v3_only_tanks.pt","ACTIVE_DEPLOYMENT",".pt","9.8","7/9/2026 10:17:04 AM","tank_type_classifier_v3_only_tanks.pt","C:\Users\UAVlab\Desktop\uav_ai_company\tank_type_classifier_v3_only_tanks.pt"
"yolo26n.pt","BASE_PRETRAINED_WEIGHT",".pt","5.29","6/30/2026 10:50:17 AM","yolo26n.pt","C:\Users\UAVlab\Desktop\uav_ai_company\yolo26n.pt"
"yolov8n.pt","BASE_PRETRAINED_WEIGHT",".pt","6.25","6/26/2026 1:34:11 PM","yolov8n.pt","C:\Users\UAVlab\Desktop\uav_ai_company\yolov8n.pt"
"yolov8s.pt","BASE_PRETRAINED_WEIGHT",".pt","21.54","7/2/2026 10:28:18 AM","yolov8s.pt","C:\Users\UAVlab\Desktop\uav_ai_company\yolov8s.pt"
"yolov8s-cls.pt","BASE_PRETRAINED_WEIGHT",".pt","12.26","7/8/2026 2:53:19 PM","yolov8s-cls.pt","C:\Users\UAVlab\Desktop\uav_ai_company\yolov8s-cls.pt"
"amad5_aerial_v1.pt","EXPERIMENTAL_REVIEW",".pt","21.45","7/3/2026 4:10:44 PM","amad5_aerial_v1.pt","C:\Users\UAVlab\Desktop\uav_ai_company\amad5_aerial_v1.pt"
"btr_best.pt","EXPERIMENTAL_REVIEW",".pt","5.96","6/30/2026 11:03:05 AM","btr_best.pt","C:\Users\UAVlab\Desktop\uav_ai_company\btr_best.pt"
"btr_best_v2.pt","EXPERIMENTAL_REVIEW",".pt","5.96","6/30/2026 2:26:53 PM","btr_best_v2.pt","C:\Users\UAVlab\Desktop\uav_ai_company\btr_best_v2.pt"
"tank_platform_classifier_v0.pt","EXPERIMENTAL_REVIEW",".pt","9.79","7/8/2026 2:55:06 PM","tank_platform_classifier_v0.pt","C:\Users\UAVlab\Desktop\uav_ai_company\tank_platform_classifier_v0.pt"
"tank_platform_classifier_v1_exact_types.pt","EXPERIMENTAL_REVIEW",".pt","9.81","7/8/2026 4:22:42 PM","tank_platform_classifier_v1_exact_types.pt","C:\Users\UAVlab\Desktop\uav_ai_company\tank_platform_classifier_v1_exact_types.pt"
"tank_platform_classifier_v2_exact_focus.pt","EXPERIMENTAL_REVIEW",".pt","9.81","7/8/2026 4:52:06 PM","tank_platform_classifier_v2_exact_focus.pt","C:\Users\UAVlab\Desktop\uav_ai_company\tank_platform_classifier_v2_exact_focus.pt"
"tank_type_classifier_v4_safe_unknown.pt","EXPERIMENTAL_REVIEW",".pt","9.8","7/9/2026 12:03:59 PM","tank_type_classifier_v4_safe_unknown.pt","C:\Users\UAVlab\Desktop\uav_ai_company\tank_type_classifier_v4_safe_unknown.pt"
"armored_best_fast_balanced.onnx","ONNX_REVIEW",".onnx","42.75","6/24/2026 3:01:22 PM","armored_best_fast_balanced.onnx","C:\Users\UAVlab\Desktop\uav_ai_company\armored_best_fast_balanced.onnx"
"coco_surveillance_yolov8n_640.onnx","ONNX_REVIEW",".onnx","12.26","6/26/2026 10:07:06 AM","coco_surveillance_yolov8n_640.onnx","C:\Users\UAVlab\Desktop\uav_ai_company\coco_surveillance_yolov8n_640.onnx"
"coco_surveillance_yolov8s_640 (1).onnx","ONNX_REVIEW",".onnx","42.79","6/26/2026 10:14:37 AM","coco_surveillance_yolov8s_640 (1).onnx","C:\Users\UAVlab\Desktop\uav_ai_company\coco_surveillance_yolov8s_640 (1).onnx"
"person_best.onnx","ONNX_REVIEW",".onnx","42.79","6/24/2026 12:01:39 PM","person_best.onnx","C:\Users\UAVlab\Desktop\uav_ai_company\person_best.onnx"
"best.pt","TRAINING_CHECKPOINT",".pt","9.79","7/9/2026 12:19:03 PM","runs\classify\armored_vehicle_classifier_v1\weights\best.pt","C:\Users\UAVlab\Desktop\uav_ai_company\runs\classify\armored_vehicle_classifier_v1\weights\best.pt"
"best.pt","TRAINING_CHECKPOINT",".pt","9.79","7/9/2026 4:14:32 PM","runs\classify\artillery_launcher_classifier_v1\weights\best.pt","C:\Users\UAVlab\Desktop\uav_ai_company\runs\classify\artillery_launcher_classifier_v1\weights\best.pt"
"best.pt","TRAINING_CHECKPOINT",".pt","9.79","7/8/2026 2:55:06 PM","runs\classify\tank_platform_classifier_v0\weights\best.pt","C:\Users\UAVlab\Desktop\uav_ai_company\runs\classify\tank_platform_classifier_v0\weights\best.pt"
"best.pt","TRAINING_CHECKPOINT",".pt","9.81","7/8/2026 4:22:42 PM","runs\classify\tank_platform_classifier_v1_exact_types\weights\best.pt","C:\Users\UAVlab\Desktop\uav_ai_company\runs\classify\tank_platform_classifier_v1_exact_types\weights\best.pt"
"best.pt","TRAINING_CHECKPOINT",".pt","9.81","7/8/2026 4:52:06 PM","runs\classify\tank_platform_classifier_v2_exact_focus\weights\best.pt","C:\Users\UAVlab\Desktop\uav_ai_company\runs\classify\tank_platform_classifier_v2_exact_focus\weights\best.pt"
"best.pt","TRAINING_CHECKPOINT",".pt","9.8","7/8/2026 5:00:53 PM","runs\classify\tank_type_classifier_v3_only_tanks\weights\best.pt","C:\Users\UAVlab\Desktop\uav_ai_company\runs\classify\tank_type_classifier_v3_only_tanks\weights\best.pt"
"best.pt","TRAINING_CHECKPOINT",".pt","9.8","7/9/2026 10:17:04 AM","runs\classify\tank_type_classifier_v3_only_tanks-2\weights\best.pt","C:\Users\UAVlab\Desktop\uav_ai_company\runs\classify\tank_type_classifier_v3_only_tanks-2\weights\best.pt"
"best.pt","TRAINING_CHECKPOINT",".pt","9.8","7/9/2026 12:03:59 PM","runs\classify\tank_type_classifier_v4_safe_unknown\weights\best.pt","C:\Users\UAVlab\Desktop\uav_ai_company\runs\classify\tank_type_classifier_v4_safe_unknown\weights\best.pt"
"best.pt","TRAINING_CHECKPOINT",".pt","21.45","7/3/2026 4:10:44 PM","runs\detect\training_runs\amad5_aerial_yolov8s_v1\weights\best.pt","C:\Users\UAVlab\Desktop\uav_ai_company\runs\detect\training_runs\amad5_aerial_yolov8s_v1\weights\best.pt"
"best.pt","TRAINING_CHECKPOINT",".pt","5.96","6/30/2026 11:03:05 AM","training_runs\btr_yolov8n_local_test\weights\best.pt","C:\Users\UAVlab\Desktop\uav_ai_company\training_runs\btr_yolov8n_local_test\weights\best.pt"
"best.pt","TRAINING_CHECKPOINT",".pt","5.96","6/30/2026 2:26:53 PM","training_runs\btr_yolov8n_v2_50epochs\weights\best.pt","C:\Users\UAVlab\Desktop\uav_ai_company\training_runs\btr_yolov8n_v2_50epochs\weights\best.pt"
"best.pt","TRAINING_CHECKPOINT",".pt","21.46","7/2/2026 3:59:32 PM","training_runs\military_kaggle_yolov8s_v1\weights\best.pt","C:\Users\UAVlab\Desktop\uav_ai_company\training_runs\military_kaggle_yolov8s_v1\weights\best.pt"
"last.pt","TRAINING_CHECKPOINT",".pt","9.79","7/9/2026 12:19:03 PM","runs\classify\armored_vehicle_classifier_v1\weights\last.pt","C:\Users\UAVlab\Desktop\uav_ai_company\runs\classify\armored_vehicle_classifier_v1\weights\last.pt"
"last.pt","TRAINING_CHECKPOINT",".pt","9.79","7/9/2026 4:14:32 PM","runs\classify\artillery_launcher_classifier_v1\weights\last.pt","C:\Users\UAVlab\Desktop\uav_ai_company\runs\classify\artillery_launcher_classifier_v1\weights\last.pt"
"last.pt","TRAINING_CHECKPOINT",".pt","9.79","7/8/2026 2:55:06 PM","runs\classify\tank_platform_classifier_v0\weights\last.pt","C:\Users\UAVlab\Desktop\uav_ai_company\runs\classify\tank_platform_classifier_v0\weights\last.pt"
"last.pt","TRAINING_CHECKPOINT",".pt","9.81","7/8/2026 4:22:42 PM","runs\classify\tank_platform_classifier_v1_exact_types\weights\last.pt","C:\Users\UAVlab\Desktop\uav_ai_company\runs\classify\tank_platform_classifier_v1_exact_types\weights\last.pt"
"last.pt","TRAINING_CHECKPOINT",".pt","9.81","7/8/2026 4:52:06 PM","runs\classify\tank_platform_classifier_v2_exact_focus\weights\last.pt","C:\Users\UAVlab\Desktop\uav_ai_company\runs\classify\tank_platform_classifier_v2_exact_focus\weights\last.pt"
"last.pt","TRAINING_CHECKPOINT",".pt","9.8","7/8/2026 5:00:53 PM","runs\classify\tank_type_classifier_v3_only_tanks\weights\last.pt","C:\Users\UAVlab\Desktop\uav_ai_company\runs\classify\tank_type_classifier_v3_only_tanks\weights\last.pt"
"last.pt","TRAINING_CHECKPOINT",".pt","9.8","7/9/2026 10:17:04 AM","runs\classify\tank_type_classifier_v3_only_tanks-2\weights\last.pt","C:\Users\UAVlab\Desktop\uav_ai_company\runs\classify\tank_type_classifier_v3_only_tanks-2\weights\last.pt"
"last.pt","TRAINING_CHECKPOINT",".pt","9.8","7/9/2026 12:03:59 PM","runs\classify\tank_type_classifier_v4_safe_unknown\weights\last.pt","C:\Users\UAVlab\Desktop\uav_ai_company\runs\classify\tank_type_classifier_v4_safe_unknown\weights\last.pt"
"last.pt","TRAINING_CHECKPOINT",".pt","21.45","7/3/2026 4:10:44 PM","runs\detect\training_runs\amad5_aerial_yolov8s_v1\weights\last.pt","C:\Users\UAVlab\Desktop\uav_ai_company\runs\detect\training_runs\amad5_aerial_yolov8s_v1\weights\last.pt"
"last.pt","TRAINING_CHECKPOINT",".pt","5.96","6/30/2026 11:03:05 AM","training_runs\btr_yolov8n_local_test\weights\last.pt","C:\Users\UAVlab\Desktop\uav_ai_company\training_runs\btr_yolov8n_local_test\weights\last.pt"
"last.pt","TRAINING_CHECKPOINT",".pt","5.96","6/30/2026 2:26:53 PM","training_runs\btr_yolov8n_v2_50epochs\weights\last.pt","C:\Users\UAVlab\Desktop\uav_ai_company\training_runs\btr_yolov8n_v2_50epochs\weights\last.pt"
"last.pt","TRAINING_CHECKPOINT",".pt","21.46","7/2/2026 3:59:32 PM","training_runs\military_kaggle_yolov8s_v1\weights\last.pt","C:\Users\UAVlab\Desktop\uav_ai_company\training_runs\military_kaggle_yolov8s_v1\weights\last.pt"
