"FileName","Modified","SizeBytes","RelevantLines"
"win_yolo_tcp_sender_botsort_clean.py","7/6/2026 11:55:12 AM","9657","15"
"win_yolo_tcp_sender_botsort.py","7/6/2026 10:46:28 AM","8895","13"
"win_yolo_tcp_sender_v3.py","7/6/2026 10:31:13 AM","10025","5"
"win_yolo_tcp_sender_v2.py","7/6/2026 10:05:30 AM","7423","3"
"win_yolo_tcp_sender.py","7/3/2026 4:27:46 PM","9975","5"
"win_yolo_tcp_sender_backup_before_dashboard_fix.py","7/2/2026 4:58:29 PM","14835","55"
"win_yolo_tcp_sender_backup_before_military_class_fix.py","7/1/2026 11:32:22 AM","14807","55"
"win_yolo_tcp_sender_backup_before_force_single_id.py","7/1/2026 10:39:15 AM","13847","44"
"win_yolo_tcp_sender_backup_before_phase2_sticky_fix.py","7/1/2026 10:35:12 AM","9975","28"
"win_yolo_tcp_sender_backup_before_phase2_tracking.py","6/30/2026 12:16:52 PM","6841","11"
"win_yolo_tcp_sender_backup_before_final_btr_fix.py","6/30/2026 11:58:46 AM","5900","2"
