"Name","Extension","SizeMB","LastModified","RelativePath"
"README.md",".md","0.001","7/16/2026 11:34:13 AM","README.md"
"confusion_matrix.png",".png","0.128","7/8/2026 3:13:08 PM","evaluations\classification\val\confusion_matrix.png"
"confusion_matrix_normalized.png",".png","0.133","7/8/2026 3:13:07 PM","evaluations\classification\val\confusion_matrix_normalized.png"
"val_batch0_labels.jpg",".jpg","0.12","7/8/2026 3:13:06 PM","evaluations\classification\val\val_batch0_labels.jpg"
"val_batch0_pred.jpg",".jpg","0.121","7/8/2026 3:13:06 PM","evaluations\classification\val\val_batch0_pred.jpg"
"val_batch1_labels.jpg",".jpg","0.119","7/8/2026 3:13:06 PM","evaluations\classification\val\val_batch1_labels.jpg"
"val_batch1_pred.jpg",".jpg","0.121","7/8/2026 3:13:07 PM","evaluations\classification\val\val_batch1_pred.jpg"
"val_batch2_labels.jpg",".jpg","0.106","7/8/2026 3:13:07 PM","evaluations\classification\val\val_batch2_labels.jpg"
"val_batch2_pred.jpg",".jpg","0.107","7/8/2026 3:13:07 PM","evaluations\classification\val\val_batch2_pred.jpg"
"confusion_matrix.png",".png","0.201","7/8/2026 4:35:49 PM","evaluations\classification\val-2\confusion_matrix.png"
"confusion_matrix_normalized.png",".png","0.219","7/8/2026 4:35:48 PM","evaluations\classification\val-2\confusion_matrix_normalized.png"
"val_batch0_labels.jpg",".jpg","0.117","7/8/2026 4:35:47 PM","evaluations\classification\val-2\val_batch0_labels.jpg"
"val_batch0_pred.jpg",".jpg","0.118","7/8/2026 4:35:47 PM","evaluations\classification\val-2\val_batch0_pred.jpg"
"val_batch1_labels.jpg",".jpg","0.129","7/8/2026 4:35:47 PM","evaluations\classification\val-2\val_batch1_labels.jpg"
"val_batch1_pred.jpg",".jpg","0.13","7/8/2026 4:35:47 PM","evaluations\classification\val-2\val_batch1_pred.jpg"
"val_batch2_labels.jpg",".jpg","0.151","7/8/2026 4:35:47 PM","evaluations\classification\val-2\val_batch2_labels.jpg"
"val_batch2_pred.jpg",".jpg","0.152","7/8/2026 4:35:47 PM","evaluations\classification\val-2\val_batch2_pred.jpg"
"confusion_matrix.png",".png","0.179","7/8/2026 4:53:01 PM","evaluations\classification\val-3\confusion_matrix.png"
"confusion_matrix_normalized.png",".png","0.199","7/8/2026 4:53:01 PM","evaluations\classification\val-3\confusion_matrix_normalized.png"
"val_batch0_labels.jpg",".jpg","0.247","7/8/2026 4:52:59 PM","evaluations\classification\val-3\val_batch0_labels.jpg"
"val_batch0_pred.jpg",".jpg","0.249","7/8/2026 4:52:59 PM","evaluations\classification\val-3\val_batch0_pred.jpg"
"val_batch1_labels.jpg",".jpg","0.232","7/8/2026 4:52:59 PM","evaluations\classification\val-3\val_batch1_labels.jpg"
"val_batch1_pred.jpg",".jpg","0.236","7/8/2026 4:52:59 PM","evaluations\classification\val-3\val_batch1_pred.jpg"
"val_batch2_labels.jpg",".jpg","0.25","7/8/2026 4:52:59 PM","evaluations\classification\val-3\val_batch2_labels.jpg"
"val_batch2_pred.jpg",".jpg","0.252","7/8/2026 4:52:59 PM","evaluations\classification\val-3\val_batch2_pred.jpg"
"confusion_matrix.png",".png","0.146","7/8/2026 5:01:57 PM","evaluations\classification\val-4\confusion_matrix.png"
"confusion_matrix_normalized.png",".png","0.159","7/8/2026 5:01:57 PM","evaluations\classification\val-4\confusion_matrix_normalized.png"
"val_batch0_labels.jpg",".jpg","0.269","7/8/2026 5:01:56 PM","evaluations\classification\val-4\val_batch0_labels.jpg"
"val_batch0_pred.jpg",".jpg","0.271","7/8/2026 5:01:56 PM","evaluations\classification\val-4\val_batch0_pred.jpg"
"val_batch1_labels.jpg",".jpg","0.26","7/8/2026 5:01:56 PM","evaluations\classification\val-4\val_batch1_labels.jpg"
"val_batch1_pred.jpg",".jpg","0.262","7/8/2026 5:01:56 PM","evaluations\classification\val-4\val_batch1_pred.jpg"
"val_batch2_labels.jpg",".jpg","0.31","7/8/2026 5:01:56 PM","evaluations\classification\val-4\val_batch2_labels.jpg"
"val_batch2_pred.jpg",".jpg","0.311","7/8/2026 5:01:56 PM","evaluations\classification\val-4\val_batch2_pred.jpg"
"confusion_matrix.png",".png","0.146","7/9/2026 10:20:31 AM","evaluations\classification\val-5\confusion_matrix.png"
"confusion_matrix_normalized.png",".png","0.159","7/9/2026 10:20:31 AM","evaluations\classification\val-5\confusion_matrix_normalized.png"
"val_batch0_labels.jpg",".jpg","0.269","7/9/2026 10:20:30 AM","evaluations\classification\val-5\val_batch0_labels.jpg"
"val_batch0_pred.jpg",".jpg","0.271","7/9/2026 10:20:30 AM","evaluations\classification\val-5\val_batch0_pred.jpg"
"val_batch1_labels.jpg",".jpg","0.26","7/9/2026 10:20:30 AM","evaluations\classification\val-5\val_batch1_labels.jpg"
"val_batch1_pred.jpg",".jpg","0.262","7/9/2026 10:20:30 AM","evaluations\classification\val-5\val_batch1_pred.jpg"
"val_batch2_labels.jpg",".jpg","0.31","7/9/2026 10:20:30 AM","evaluations\classification\val-5\val_batch2_labels.jpg"
"val_batch2_pred.jpg",".jpg","0.311","7/9/2026 10:20:30 AM","evaluations\classification\val-5\val_batch2_pred.jpg"
"1minutesVIEWdroneVIDEOTANKS.avi",".avi","54.793","7/3/2026 4:17:13 PM","model_tests\amad5_test\1minutesVIEWdroneVIDEOTANKS.avi"
"1minutesVIEWdroneVIDEOTANKS.avi",".avi","55.432","7/3/2026 4:16:06 PM","model_tests\kaggle_test\1minutesVIEWdroneVIDEOTANKS.avi"
"1minutesVIEWdroneVIDEOTANKS.avi",".avi","57.707","7/2/2026 4:07:39 PM","model_tests\kaggle_v1_1min_drone_tanks\1minutesVIEWdroneVIDEOTANKS.avi"
"multiTankVideo.avi",".avi","2.764","7/2/2026 4:02:14 PM","model_tests\kaggle_v1_multiTank\multiTankVideo.avi"
"tank_real_test.avi",".avi","98.415","7/2/2026 4:02:49 PM","model_tests\kaggle_v1_tank_real\tank_real_test.avi"
"mission_crop_frame_000035_military_tank_conf_0.65_00015.jpg",".jpg","0.01","7/8/2026 3:13:30 PM","predictions\classification\predict\mission_crop_frame_000035_military_tank_conf_0.65_00015.jpg"
"mission_crop_frame_000050_military_tank_conf_0.77_00020.jpg",".jpg","0.009","7/8/2026 3:13:30 PM","predictions\classification\predict\mission_crop_frame_000050_military_tank_conf_0.77_00020.jpg"
"mission_crop_frame_000055_military_tank_conf_0.66_00023.jpg",".jpg","0.01","7/8/2026 3:13:30 PM","predictions\classification\predict\mission_crop_frame_000055_military_tank_conf_0.66_00023.jpg"
"mission_crop_frame_000055_military_tank_conf_0.79_00022.jpg",".jpg","0.009","7/8/2026 3:13:30 PM","predictions\classification\predict\mission_crop_frame_000055_military_tank_conf_0.79_00022.jpg"
"mission_crop_frame_000165_military_tank_conf_0.62_00072.jpg",".jpg","0.01","7/8/2026 3:13:30 PM","predictions\classification\predict\mission_crop_frame_000165_military_tank_conf_0.62_00072.jpg"
"tank_unknown_roboflow_000001.jpg",".jpg","0.011","7/8/2026 3:13:30 PM","predictions\classification\predict\tank_unknown_roboflow_000001.jpg"
"tank_unknown_roboflow_000011.jpg",".jpg","0.044","7/8/2026 3:13:30 PM","predictions\classification\predict\tank_unknown_roboflow_000011.jpg"
"tank_unknown_roboflow_000025.jpg",".jpg","0.003","7/8/2026 3:13:30 PM","predictions\classification\predict\tank_unknown_roboflow_000025.jpg"
"tank_unknown_roboflow_000027.jpg",".jpg","0.003","7/8/2026 3:13:30 PM","predictions\classification\predict\tank_unknown_roboflow_000027.jpg"
"tank_unknown_roboflow_000029.jpg",".jpg","0.004","7/8/2026 3:13:30 PM","predictions\classification\predict\tank_unknown_roboflow_000029.jpg"
"tank_unknown_roboflow_000036.jpg",".jpg","0.003","7/8/2026 3:13:30 PM","predictions\classification\predict\tank_unknown_roboflow_000036.jpg"
"tank_unknown_roboflow_000037.jpg",".jpg","0.002","7/8/2026 3:13:30 PM","predictions\classification\predict\tank_unknown_roboflow_000037.jpg"
"tank_unknown_roboflow_000048.jpg",".jpg","0.012","7/8/2026 3:13:30 PM","predictions\classification\predict\tank_unknown_roboflow_000048.jpg"
"tank_unknown_roboflow_000053.jpg",".jpg","0.002","7/8/2026 3:13:30 PM","predictions\classification\predict\tank_unknown_roboflow_000053.jpg"
"tank_unknown_roboflow_000059.jpg",".jpg","0.03","7/8/2026 3:13:30 PM","predictions\classification\predict\tank_unknown_roboflow_000059.jpg"
"tank_unknown_roboflow_000067.jpg",".jpg","0.023","7/8/2026 3:13:30 PM","predictions\classification\predict\tank_unknown_roboflow_000067.jpg"
"tank_unknown_roboflow_000073.jpg",".jpg","0.057","7/8/2026 3:13:30 PM","predictions\classification\predict\tank_unknown_roboflow_000073.jpg"
"tank_unknown_roboflow_000082.jpg",".jpg","0.024","7/8/2026 3:13:30 PM","predictions\classification\predict\tank_unknown_roboflow_000082.jpg"
"tank_unknown_roboflow_000103.jpg",".jpg","0.002","7/8/2026 3:13:30 PM","predictions\classification\predict\tank_unknown_roboflow_000103.jpg"
"tank_unknown_roboflow_000116.jpg",".jpg","0.003","7/8/2026 3:13:30 PM","predictions\classification\predict\tank_unknown_roboflow_000116.jpg"
"tank_unknown_roboflow_000127.jpg",".jpg","0.003","7/8/2026 3:13:30 PM","predictions\classification\predict\tank_unknown_roboflow_000127.jpg"
"tank_unknown_roboflow_000129.jpg",".jpg","0.003","7/8/2026 3:13:30 PM","predictions\classification\predict\tank_unknown_roboflow_000129.jpg"
"tank_unknown_roboflow_000132.jpg",".jpg","0.003","7/8/2026 3:13:30 PM","predictions\classification\predict\tank_unknown_roboflow_000132.jpg"
"tank_unknown_roboflow_000141.jpg",".jpg","0.003","7/8/2026 3:13:30 PM","predictions\classification\predict\tank_unknown_roboflow_000141.jpg"
"tank_unknown_roboflow_000154.jpg",".jpg","0.004","7/8/2026 3:13:30 PM","predictions\classification\predict\tank_unknown_roboflow_000154.jpg"
"tank_unknown_roboflow_000156.jpg",".jpg","0.003","7/8/2026 3:13:30 PM","predictions\classification\predict\tank_unknown_roboflow_000156.jpg"
"tank_unknown_roboflow_000157.jpg",".jpg","0.004","7/8/2026 3:13:30 PM","predictions\classification\predict\tank_unknown_roboflow_000157.jpg"
"tank_unknown_roboflow_000166.jpg",".jpg","0.003","7/8/2026 3:13:30 PM","predictions\classification\predict\tank_unknown_roboflow_000166.jpg"
"tank_unknown_roboflow_000181.jpg",".jpg","0.004","7/8/2026 3:13:30 PM","predictions\classification\predict\tank_unknown_roboflow_000181.jpg"
"tank_unknown_roboflow_000186.jpg",".jpg","0.004","7/8/2026 3:13:30 PM","predictions\classification\predict\tank_unknown_roboflow_000186.jpg"
"tank_unknown_roboflow_000232.jpg",".jpg","0.003","7/8/2026 3:13:30 PM","predictions\classification\predict\tank_unknown_roboflow_000232.jpg"
"tank_unknown_roboflow_000263.jpg",".jpg","0.004","7/8/2026 3:13:30 PM","predictions\classification\predict\tank_unknown_roboflow_000263.jpg"
"tank_unknown_roboflow_000287.jpg",".jpg","0.002","7/8/2026 3:13:30 PM","predictions\classification\predict\tank_unknown_roboflow_000287.jpg"
"tank_unknown_roboflow_000288.jpg",".jpg","0.011","7/8/2026 3:13:30 PM","predictions\classification\predict\tank_unknown_roboflow_000288.jpg"
"tank_unknown_roboflow_000295.jpg",".jpg","0.003","7/8/2026 3:13:30 PM","predictions\classification\predict\tank_unknown_roboflow_000295.jpg"
"tank_unknown_roboflow_000305.jpg",".jpg","0.142","7/8/2026 3:13:30 PM","predictions\classification\predict\tank_unknown_roboflow_000305.jpg"
"tank_unknown_roboflow_000322.jpg",".jpg","0.003","7/8/2026 3:13:30 PM","predictions\classification\predict\tank_unknown_roboflow_000322.jpg"
"tank_unknown_roboflow_000323.jpg",".jpg","0.003","7/8/2026 3:13:30 PM","predictions\classification\predict\tank_unknown_roboflow_000323.jpg"
"tank_unknown_roboflow_000329.jpg",".jpg","0.003","7/8/2026 3:13:30 PM","predictions\classification\predict\tank_unknown_roboflow_000329.jpg"
"tank_unknown_roboflow_000345.jpg",".jpg","0.004","7/8/2026 3:13:30 PM","predictions\classification\predict\tank_unknown_roboflow_000345.jpg"
"tank_unknown_roboflow_000346.jpg",".jpg","0.002","7/8/2026 3:13:30 PM","predictions\classification\predict\tank_unknown_roboflow_000346.jpg"
"tank_unknown_roboflow_000353.jpg",".jpg","0.009","7/8/2026 3:13:30 PM","predictions\classification\predict\tank_unknown_roboflow_000353.jpg"
"tank_unknown_roboflow_000365.jpg",".jpg","0.005","7/8/2026 3:13:30 PM","predictions\classification\predict\tank_unknown_roboflow_000365.jpg"
"ifv_bmp_roboflow_000009.jpg",".jpg","0.003","7/8/2026 3:13:42 PM","predictions\classification\predict-2\ifv_bmp_roboflow_000009.jpg"
"ifv_bmp_roboflow_000015.jpg",".jpg","0.215","7/8/2026 3:13:42 PM","predictions\classification\predict-2\ifv_bmp_roboflow_000015.jpg"
"ifv_bmp_roboflow_000042.jpg",".jpg","0.098","7/8/2026 3:13:42 PM","predictions\classification\predict-2\ifv_bmp_roboflow_000042.jpg"
"ifv_bmp_roboflow_000044.jpg",".jpg","0.039","7/8/2026 3:13:42 PM","predictions\classification\predict-2\ifv_bmp_roboflow_000044.jpg"
"ifv_bmp_roboflow_000057.jpg",".jpg","0.487","7/8/2026 3:13:42 PM","predictions\classification\predict-2\ifv_bmp_roboflow_000057.jpg"
"ifv_bmp_roboflow_000059.jpg",".jpg","0.002","7/8/2026 3:13:42 PM","predictions\classification\predict-2\ifv_bmp_roboflow_000059.jpg"
"ifv_bmp_roboflow_000063.jpg",".jpg","0.003","7/8/2026 3:13:42 PM","predictions\classification\predict-2\ifv_bmp_roboflow_000063.jpg"
"ifv_bmp_roboflow_000070.jpg",".jpg","0.003","7/8/2026 3:13:42 PM","predictions\classification\predict-2\ifv_bmp_roboflow_000070.jpg"
"ifv_bmp_roboflow_000081.jpg",".jpg","0.003","7/8/2026 3:13:42 PM","predictions\classification\predict-2\ifv_bmp_roboflow_000081.jpg"
"ifv_bmp_roboflow_000084.jpg",".jpg","0.002","7/8/2026 3:13:42 PM","predictions\classification\predict-2\ifv_bmp_roboflow_000084.jpg"
"ifv_bmp_roboflow_000098.jpg",".jpg","0.003","7/8/2026 3:13:42 PM","predictions\classification\predict-2\ifv_bmp_roboflow_000098.jpg"
"ifv_bmp_roboflow_000119.jpg",".jpg","0.003","7/8/2026 3:13:42 PM","predictions\classification\predict-2\ifv_bmp_roboflow_000119.jpg"
"ifv_bmp_roboflow_000137.jpg",".jpg","0.014","7/8/2026 3:13:42 PM","predictions\classification\predict-2\ifv_bmp_roboflow_000137.jpg"
"ifv_bmp_roboflow_000143.jpg",".jpg","0.002","7/8/2026 3:13:42 PM","predictions\classification\predict-2\ifv_bmp_roboflow_000143.jpg"
"ifv_bmp_roboflow_000156.jpg",".jpg","0.003","7/8/2026 3:13:42 PM","predictions\classification\predict-2\ifv_bmp_roboflow_000156.jpg"
"ifv_bmp_roboflow_000163.jpg",".jpg","0.002","7/8/2026 3:13:42 PM","predictions\classification\predict-2\ifv_bmp_roboflow_000163.jpg"
"ifv_bmp_roboflow_000164.jpg",".jpg","0.003","7/8/2026 3:13:42 PM","predictions\classification\predict-2\ifv_bmp_roboflow_000164.jpg"
"ifv_bmp_roboflow_000176.jpg",".jpg","0.373","7/8/2026 3:13:42 PM","predictions\classification\predict-2\ifv_bmp_roboflow_000176.jpg"
"ifv_bmp_roboflow_000177.jpg",".jpg","0.118","7/8/2026 3:13:42 PM","predictions\classification\predict-2\ifv_bmp_roboflow_000177.jpg"
"ifv_bmp_roboflow_000187.jpg",".jpg","0.167","7/8/2026 3:13:42 PM","predictions\classification\predict-2\ifv_bmp_roboflow_000187.jpg"
"ifv_bmp_roboflow_000197.jpg",".jpg","0.003","7/8/2026 3:13:42 PM","predictions\classification\predict-2\ifv_bmp_roboflow_000197.jpg"
"ifv_bmp_roboflow_000199.jpg",".jpg","0.003","7/8/2026 3:13:42 PM","predictions\classification\predict-2\ifv_bmp_roboflow_000199.jpg"
"ifv_bmp_roboflow_000207.jpg",".jpg","0.003","7/8/2026 3:13:42 PM","predictions\classification\predict-2\ifv_bmp_roboflow_000207.jpg"
"ifv_bmp_roboflow_000211.jpg",".jpg","0.003","7/8/2026 3:13:42 PM","predictions\classification\predict-2\ifv_bmp_roboflow_000211.jpg"
"ifv_bmp_roboflow_000216.jpg",".jpg","0.003","7/8/2026 3:13:42 PM","predictions\classification\predict-2\ifv_bmp_roboflow_000216.jpg"
"military_truck_roboflow_000008.jpg",".jpg","0.007","7/8/2026 3:13:55 PM","predictions\classification\predict-3\military_truck_roboflow_000008.jpg"
"military_truck_roboflow_000009.jpg",".jpg","0.006","7/8/2026 3:13:55 PM","predictions\classification\predict-3\military_truck_roboflow_000009.jpg"
"military_truck_roboflow_000011.jpg",".jpg","0.006","7/8/2026 3:13:55 PM","predictions\classification\predict-3\military_truck_roboflow_000011.jpg"
"military_truck_roboflow_000021.jpg",".jpg","0.02","7/8/2026 3:13:55 PM","predictions\classification\predict-3\military_truck_roboflow_000021.jpg"
"military_truck_roboflow_000024.jpg",".jpg","0.005","7/8/2026 3:13:55 PM","predictions\classification\predict-3\military_truck_roboflow_000024.jpg"
"military_truck_roboflow_000065.jpg",".jpg","0.034","7/8/2026 3:13:55 PM","predictions\classification\predict-3\military_truck_roboflow_000065.jpg"
"military_truck_roboflow_000066.jpg",".jpg","0.026","7/8/2026 3:13:55 PM","predictions\classification\predict-3\military_truck_roboflow_000066.jpg"
"military_truck_roboflow_000068.jpg",".jpg","0.018","7/8/2026 3:13:55 PM","predictions\classification\predict-3\military_truck_roboflow_000068.jpg"
"military_truck_roboflow_000077.jpg",".jpg","0.008","7/8/2026 3:13:55 PM","predictions\classification\predict-3\military_truck_roboflow_000077.jpg"
"military_truck_roboflow_000087.jpg",".jpg","0.019","7/8/2026 3:13:55 PM","predictions\classification\predict-3\military_truck_roboflow_000087.jpg"
"military_truck_roboflow_000104.jpg",".jpg","0.032","7/8/2026 3:13:55 PM","predictions\classification\predict-3\military_truck_roboflow_000104.jpg"
"military_truck_roboflow_000110.jpg",".jpg","0.051","7/8/2026 3:13:55 PM","predictions\classification\predict-3\military_truck_roboflow_000110.jpg"
"Screenshot_120_png.rf.7d3364649a46df93d3165900ccf73b5c.jpg",".jpg","0.084","6/30/2026 11:06:51 AM","predictions\detection\btr_test_predictions\test_images\Screenshot_120_png.rf.7d3364649a46df93d3165900ccf73b5c.jpg"
"Screenshot_124_png.rf.6b8e1ced4df5a3f7ee150fac1bb83239.jpg",".jpg","0.148","6/30/2026 11:06:51 AM","predictions\detection\btr_test_predictions\test_images\Screenshot_124_png.rf.6b8e1ced4df5a3f7ee150fac1bb83239.jpg"
"Screenshot_129_png.rf.9372e13134546195e8e969de44088ed6.jpg",".jpg","0.088","6/30/2026 11:06:51 AM","predictions\detection\btr_test_predictions\test_images\Screenshot_129_png.rf.9372e13134546195e8e969de44088ed6.jpg"
"Screenshot_151_png.rf.c84e906d6480b09f2f906c995f493647.jpg",".jpg","0.097","6/30/2026 11:06:51 AM","predictions\detection\btr_test_predictions\test_images\Screenshot_151_png.rf.c84e906d6480b09f2f906c995f493647.jpg"
"Screenshot_152_png.rf.ddc3dd777089eb64c1086cba0e32e086.jpg",".jpg","0.088","6/30/2026 11:06:51 AM","predictions\detection\btr_test_predictions\test_images\Screenshot_152_png.rf.ddc3dd777089eb64c1086cba0e32e086.jpg"
"Screenshot_160_png.rf.496f2244d7a941ae74d8db4bb3a4ad97.jpg",".jpg","0.099","6/30/2026 11:06:51 AM","predictions\detection\btr_test_predictions\test_images\Screenshot_160_png.rf.496f2244d7a941ae74d8db4bb3a4ad97.jpg"
"Screenshot_166_png.rf.197decd1144980463170b3b1463e806d.jpg",".jpg","0.099","6/30/2026 11:06:51 AM","predictions\detection\btr_test_predictions\test_images\Screenshot_166_png.rf.197decd1144980463170b3b1463e806d.jpg"
"Screenshot_175_png.rf.9bdefab090b11914c5a986a5d5e8a56d.jpg",".jpg","0.114","6/30/2026 11:06:51 AM","predictions\detection\btr_test_predictions\test_images\Screenshot_175_png.rf.9bdefab090b11914c5a986a5d5e8a56d.jpg"
"Screenshot_17_png.rf.82fc57d51a625d5e04aaeaea1833a8bf.jpg",".jpg","0.092","6/30/2026 11:06:51 AM","predictions\detection\btr_test_predictions\test_images\Screenshot_17_png.rf.82fc57d51a625d5e04aaeaea1833a8bf.jpg"
"Screenshot_182_png.rf.1a3875d0b4c4d86a1c082828ba65bded.jpg",".jpg","0.105","6/30/2026 11:06:51 AM","predictions\detection\btr_test_predictions\test_images\Screenshot_182_png.rf.1a3875d0b4c4d86a1c082828ba65bded.jpg"
"Screenshot_185_png.rf.6595acee1ec5b50709754c459a9b6416.jpg",".jpg","0.134","6/30/2026 11:06:51 AM","predictions\detection\btr_test_predictions\test_images\Screenshot_185_png.rf.6595acee1ec5b50709754c459a9b6416.jpg"
"Screenshot_189_png.rf.13202c0bcfc9e893fb27cc6ffd93817c.jpg",".jpg","0.083","6/30/2026 11:06:51 AM","predictions\detection\btr_test_predictions\test_images\Screenshot_189_png.rf.13202c0bcfc9e893fb27cc6ffd93817c.jpg"
"Screenshot_191_png.rf.881e0d42c60bd9515c4ddc62d0a8fac8.jpg",".jpg","0.083","6/30/2026 11:06:51 AM","predictions\detection\btr_test_predictions\test_images\Screenshot_191_png.rf.881e0d42c60bd9515c4ddc62d0a8fac8.jpg"
"Screenshot_194_png.rf.d9848c5bd8d37ed9c27429144e96435a.jpg",".jpg","0.113","6/30/2026 11:06:51 AM","predictions\detection\btr_test_predictions\test_images\Screenshot_194_png.rf.d9848c5bd8d37ed9c27429144e96435a.jpg"
"Screenshot_196_png.rf.417a8b7f86f8adaba2441f3cfd63d15b.jpg",".jpg","0.07","6/30/2026 11:06:51 AM","predictions\detection\btr_test_predictions\test_images\Screenshot_196_png.rf.417a8b7f86f8adaba2441f3cfd63d15b.jpg"
"Screenshot_198_png.rf.9f869141fb44d35f52302064b8aa0b4f.jpg",".jpg","0.112","6/30/2026 11:06:51 AM","predictions\detection\btr_test_predictions\test_images\Screenshot_198_png.rf.9f869141fb44d35f52302064b8aa0b4f.jpg"
"Screenshot_200_png.rf.590bfce5730f55f866b22a79d3884a99.jpg",".jpg","0.089","6/30/2026 11:06:51 AM","predictions\detection\btr_test_predictions\test_images\Screenshot_200_png.rf.590bfce5730f55f866b22a79d3884a99.jpg"
"Screenshot_205_png.rf.8394918203be79ef0a0722f8a99eafa2.jpg",".jpg","0.089","6/30/2026 11:06:51 AM","predictions\detection\btr_test_predictions\test_images\Screenshot_205_png.rf.8394918203be79ef0a0722f8a99eafa2.jpg"
"Screenshot_209_png.rf.2b570f5b37a2b3d0c62b927430cdf221.jpg",".jpg","0.095","6/30/2026 11:06:51 AM","predictions\detection\btr_test_predictions\test_images\Screenshot_209_png.rf.2b570f5b37a2b3d0c62b927430cdf221.jpg"
"Screenshot_212_png.rf.075eac03530ceeee60fbc67eeadd0b3d.jpg",".jpg","0.115","6/30/2026 11:06:51 AM","predictions\detection\btr_test_predictions\test_images\Screenshot_212_png.rf.075eac03530ceeee60fbc67eeadd0b3d.jpg"
"Screenshot_227_png.rf.73a0fb58c75db758b97819a2e55d3a4f.jpg",".jpg","0.145","6/30/2026 11:06:51 AM","predictions\detection\btr_test_predictions\test_images\Screenshot_227_png.rf.73a0fb58c75db758b97819a2e55d3a4f.jpg"
"Screenshot_231_png.rf.480ad131cdcb67ae01af7abc2e25e9c5.jpg",".jpg","0.155","6/30/2026 11:06:51 AM","predictions\detection\btr_test_predictions\test_images\Screenshot_231_png.rf.480ad131cdcb67ae01af7abc2e25e9c5.jpg"
"Screenshot_248_png.rf.66dd00c355436e925f5d2153cf1a315d.jpg",".jpg","0.127","6/30/2026 11:06:51 AM","predictions\detection\btr_test_predictions\test_images\Screenshot_248_png.rf.66dd00c355436e925f5d2153cf1a315d.jpg"
"Screenshot_254_png.rf.80acaef57cdb75de2fe159a6a68a5722.jpg",".jpg","0.078","6/30/2026 11:06:51 AM","predictions\detection\btr_test_predictions\test_images\Screenshot_254_png.rf.80acaef57cdb75de2fe159a6a68a5722.jpg"
"Screenshot_296_png.rf.d17d83501380f0303cc53e652b676bae.jpg",".jpg","0.102","6/30/2026 11:06:51 AM","predictions\detection\btr_test_predictions\test_images\Screenshot_296_png.rf.d17d83501380f0303cc53e652b676bae.jpg"
"Screenshot_308_png.rf.f013fe4533d0ea39ef735347bde71de1.jpg",".jpg","0.096","6/30/2026 11:06:51 AM","predictions\detection\btr_test_predictions\test_images\Screenshot_308_png.rf.f013fe4533d0ea39ef735347bde71de1.jpg"
"Screenshot_311_png.rf.538b7fc1e57331cb984be208ce381110.jpg",".jpg","0.089","6/30/2026 11:06:51 AM","predictions\detection\btr_test_predictions\test_images\Screenshot_311_png.rf.538b7fc1e57331cb984be208ce381110.jpg"
"Screenshot_312_png.rf.8d6155e5076a39a404d8577ce849cf40.jpg",".jpg","0.059","6/30/2026 11:06:51 AM","predictions\detection\btr_test_predictions\test_images\Screenshot_312_png.rf.8d6155e5076a39a404d8577ce849cf40.jpg"
"Screenshot_323_png.rf.9703252f695f4f8dcdbace1b3d569be3.jpg",".jpg","0.086","6/30/2026 11:06:51 AM","predictions\detection\btr_test_predictions\test_images\Screenshot_323_png.rf.9703252f695f4f8dcdbace1b3d569be3.jpg"
"Screenshot_327_png.rf.4697a415146c533e8f1e44c15fcfd265.jpg",".jpg","0.055","6/30/2026 11:06:51 AM","predictions\detection\btr_test_predictions\test_images\Screenshot_327_png.rf.4697a415146c533e8f1e44c15fcfd265.jpg"
"Screenshot_333_png.rf.86a29ded2c335997c26dfad823130c51.jpg",".jpg","0.098","6/30/2026 11:06:51 AM","predictions\detection\btr_test_predictions\test_images\Screenshot_333_png.rf.86a29ded2c335997c26dfad823130c51.jpg"
"Screenshot_39_png.rf.9af04d03f3c294ad33a765f3b0e6aac1.jpg",".jpg","0.104","6/30/2026 11:06:51 AM","predictions\detection\btr_test_predictions\test_images\Screenshot_39_png.rf.9af04d03f3c294ad33a765f3b0e6aac1.jpg"
"Screenshot_404_png.rf.d46bc5dfb1e20d2afb1f3020e4a5a6e5.jpg",".jpg","0.101","6/30/2026 11:06:51 AM","predictions\detection\btr_test_predictions\test_images\Screenshot_404_png.rf.d46bc5dfb1e20d2afb1f3020e4a5a6e5.jpg"
"Screenshot_406_png.rf.3130f9164dcd05209c5bdcee7d6ace8e.jpg",".jpg","0.073","6/30/2026 11:06:51 AM","predictions\detection\btr_test_predictions\test_images\Screenshot_406_png.rf.3130f9164dcd05209c5bdcee7d6ace8e.jpg"
"Screenshot_422_png.rf.adff5f2c84ed5157f68740812a068f46.jpg",".jpg","0.075","6/30/2026 11:06:51 AM","predictions\detection\btr_test_predictions\test_images\Screenshot_422_png.rf.adff5f2c84ed5157f68740812a068f46.jpg"
"Screenshot_424_png.rf.7e6d9be159d0fd09c174dcaf9eb74582.jpg",".jpg","0.082","6/30/2026 11:06:51 AM","predictions\detection\btr_test_predictions\test_images\Screenshot_424_png.rf.7e6d9be159d0fd09c174dcaf9eb74582.jpg"
"Screenshot_432_png.rf.b50f132ef4a0b1da4111da858d3885d3.jpg",".jpg","0.167","6/30/2026 11:06:51 AM","predictions\detection\btr_test_predictions\test_images\Screenshot_432_png.rf.b50f132ef4a0b1da4111da858d3885d3.jpg"
"Screenshot_436_png.rf.5e4c38a3349d9fc0ac5207e8225c2041.jpg",".jpg","0.113","6/30/2026 11:06:51 AM","predictions\detection\btr_test_predictions\test_images\Screenshot_436_png.rf.5e4c38a3349d9fc0ac5207e8225c2041.jpg"
"Screenshot_461_png.rf.536573c814bd1b60a6bee14756b49b71.jpg",".jpg","0.091","6/30/2026 11:06:51 AM","predictions\detection\btr_test_predictions\test_images\Screenshot_461_png.rf.536573c814bd1b60a6bee14756b49b71.jpg"
"Screenshot_466_png.rf.8a821aba69f765e9f2d387d6974fecb1.jpg",".jpg","0.113","6/30/2026 11:06:51 AM","predictions\detection\btr_test_predictions\test_images\Screenshot_466_png.rf.8a821aba69f765e9f2d387d6974fecb1.jpg"
"Screenshot_480_png.rf.864f984a44503c53acd6721af2ba3d29.jpg",".jpg","0.116","6/30/2026 11:06:51 AM","predictions\detection\btr_test_predictions\test_images\Screenshot_480_png.rf.864f984a44503c53acd6721af2ba3d29.jpg"
"Screenshot_481_png.rf.84efe90d6760900a3829a1324605275c.jpg",".jpg","0.083","6/30/2026 11:06:51 AM","predictions\detection\btr_test_predictions\test_images\Screenshot_481_png.rf.84efe90d6760900a3829a1324605275c.jpg"
"Screenshot_488_png.rf.07b02c61fc13e864986b1d1f2b41afcb.jpg",".jpg","0.172","6/30/2026 11:06:51 AM","predictions\detection\btr_test_predictions\test_images\Screenshot_488_png.rf.07b02c61fc13e864986b1d1f2b41afcb.jpg"
"Screenshot_492_png.rf.f055894e0e8f2709a458392d65ca6206.jpg",".jpg","0.043","6/30/2026 11:06:51 AM","predictions\detection\btr_test_predictions\test_images\Screenshot_492_png.rf.f055894e0e8f2709a458392d65ca6206.jpg"
"Screenshot_505_png.rf.9e127e312884a4157ab1931c9c1c78e3.jpg",".jpg","0.071","6/30/2026 11:06:51 AM","predictions\detection\btr_test_predictions\test_images\Screenshot_505_png.rf.9e127e312884a4157ab1931c9c1c78e3.jpg"
"Screenshot_55_png.rf.1bdea6c9d06244610612007546e77fa3.jpg",".jpg","0.086","6/30/2026 11:06:51 AM","predictions\detection\btr_test_predictions\test_images\Screenshot_55_png.rf.1bdea6c9d06244610612007546e77fa3.jpg"
"Screenshot_65_png.rf.12ab34527eb874e7ad2d4c17cfbde3fa.jpg",".jpg","0.11","6/30/2026 11:06:51 AM","predictions\detection\btr_test_predictions\test_images\Screenshot_65_png.rf.12ab34527eb874e7ad2d4c17cfbde3fa.jpg"
"Screenshot_73_png.rf.dfb97e26cc5efecda554672c993db0ef.jpg",".jpg","0.099","6/30/2026 11:06:51 AM","predictions\detection\btr_test_predictions\test_images\Screenshot_73_png.rf.dfb97e26cc5efecda554672c993db0ef.jpg"
"Screenshot_74_png.rf.0045a03d025e775ecea3468abbeae5f5.jpg",".jpg","0.125","6/30/2026 11:06:51 AM","predictions\detection\btr_test_predictions\test_images\Screenshot_74_png.rf.0045a03d025e775ecea3468abbeae5f5.jpg"
"Screenshot_95_png.rf.5ed3034a932daf470d45d1840e3b27ed.jpg",".jpg","0.088","6/30/2026 11:06:51 AM","predictions\detection\btr_test_predictions\test_images\Screenshot_95_png.rf.5ed3034a932daf470d45d1840e3b27ed.jpg"
"vehicles.avi",".avi","91.478","6/26/2026 1:35:09 PM","predictions\detection\predict\vehicles.avi"
"index.avi",".avi","0.791","6/26/2026 2:51:52 PM","predictions\detection\predict-10\index.avi"
"vehicles.avi",".avi","91.478","6/29/2026 11:21:15 AM","predictions\detection\predict-12\vehicles.avi"
"vehicles.avi",".avi","91.478","6/26/2026 1:38:49 PM","predictions\detection\predict-2\vehicles.avi"
"vehicles.avi",".avi","91.478","6/26/2026 2:28:53 PM","predictions\detection\predict-3\vehicles.avi"
"vehicles.avi",".avi","91.478","6/26/2026 2:33:14 PM","predictions\detection\predict-5\vehicles.avi"
"vehicles.avi",".avi","91.571","6/26/2026 2:35:01 PM","predictions\detection\predict-6\vehicles.avi"
"vehicles.avi",".avi","91.478","6/26/2026 2:36:37 PM","predictions\detection\predict-7\vehicles.avi"
"1minutesVIEWdroneVIDEOTANKS.avi",".avi","23.24","7/2/2026 4:11:22 PM","tracking_tests\kaggle_v1_1min_botsort_960\1minutesVIEWdroneVIDEOTANKS.avi"
"1minutesVIEWdroneVIDEOTANKS.avi",".avi","60.841","7/2/2026 4:12:41 PM","tracking_tests\kaggle_v1_1min_bytetrack_960\1minutesVIEWdroneVIDEOTANKS.avi"
"1minutesVIEWdroneVIDEOTANKS.avi",".avi","57.185","7/2/2026 4:08:55 PM","tracking_tests\kaggle_v1_1min_drone_tanks_track\1minutesVIEWdroneVIDEOTANKS.avi"
"multiTankVideo.avi",".avi","2.951","7/2/2026 4:06:08 PM","tracking_tests\kaggle_v1_multiTank_track\multiTankVideo.avi"
"multiTankVideo.avi",".avi","2.732","7/1/2026 3:13:44 PM","tracking_tests\multiTankVideo_conf45\multiTankVideo.avi"
"multiTankVideo.avi",".avi","2.905","7/1/2026 3:03:24 PM","tracking_tests\multiTankVideo_test\multiTankVideo.avi"
